{"i":250,"val_loss_history":[0.83676082501977],"val_loss_history_it":[250],"forward_backward_times":{},"opt":{"max_epochs":30,"checkpoint_every":250,"batch_size":50,"memory_benchmark":0,"init_from":"","grad_clip":5,"model_type":"lstm","lr_decay_every":5,"print_every":1,"wordvec_size":64,"seq_length":100,"input_json":"data\/sch_concatenated\/6KB_concated.json","num_layers":2,"input_h5":"data\/sch_concatenated\/6KB_concated.h5","reset_iterations":1,"rnn_size":256,"dropout":0,"checkpoint_name":"data\/models\/2\/checkpoint","batchnorm":0,"learning_rate":0.002,"speed_benchmark":0,"gpu_backend":"cuda","lr_decay_factor":0.5,"gpu":-1},"train_loss_history":[4.7570285797119,4.4448270797729,4.0241212844849,3.7074723243713,3.5762917995453,3.6212222576141,3.5508081912994,3.4902937412262,3.3847382068634,3.3700487613678,3.4175140857697,3.4110343456268,3.258674621582,3.1915209293365,3.2884452342987,3.3162961006165,3.2171673774719,3.1434292793274,3.1083927154541,3.0370736122131,3.0698328018188,3.0217254161835,2.94722032547,2.9208717346191,2.9000072479248,2.8805000782013,2.8908839225769,2.8259913921356,2.8742575645447,2.8652677536011,2.8917429447174,2.8666777610779,2.8042299747467,2.8796448707581,2.7582929134369,2.6847350597382,2.7752647399902,2.7092010974884,2.7603769302368,2.7704770565033,2.7272968292236,2.6229636669159,2.6036865711212,2.5925731658936,2.4934492111206,2.5480985641479,2.4660432338715,2.3998892307281,2.4792053699493,2.4812288284302,2.3808081150055,2.3519415855408,2.2985327243805,2.2028217315674,2.2029929161072,1.995255112648,2.0665879249573,1.9430396556854,2.0556507110596,2.0129306316376,2.1497712135315,2.1759777069092,1.996356010437,1.9205183982849,1.8931820392609,2.027845621109,1.9779994487762,1.8810456991196,1.8209614753723,1.7717337608337,1.8645716905594,1.7531150579453,1.7154669761658,1.6888607740402,1.7838704586029,1.5987737178802,1.6846175193787,1.5248802900314,1.4820065498352,1.4537929296494,1.4205778837204,1.3960515260696,1.4873633384705,1.3528426885605,1.4675264358521,1.4579597711563,1.3184314966202,1.4607647657394,1.395171880722,1.3912987709045,1.4305120706558,1.4077237844467,1.5253001451492,1.4412112236023,1.3999236822128,1.4106703996658,1.3812153339386,1.3492758274078,1.3555617332458,1.4059048891068,1.3725618124008,1.429381608963,1.556244969368,1.4173617362976,1.4056401252747,1.3751858472824,1.4065730571747,1.3101251125336,1.1958885192871,1.190056681633,1.1540917158127,1.1563582420349,1.1464861631393,1.0972695350647,1.0806328058243,1.1234939098358,1.0419768095016,1.1163783073425,1.1166484355927,1.017192363739,1.0105857849121,1.0123139619827,1.115044593811,1.0225343704224,1.0462670326233,1.1370022296906,1.0012980699539,1.1743996143341,1.1520408391953,1.1179218292236,1.0583574771881,1.0822554826736,1.0983191728592,1.0988653898239,1.0802478790283,1.0212035179138,1.0764141082764,1.0917336940765,1.0044288635254,1.1131721735001,1.0028560161591,0.8823499083519,1.0673241615295,1.0049405097961,1.0268162488937,1.0575839281082,0.98560059070587,1.0393190383911,0.8587731719017,1.0162315368652,0.95039421319962,0.87590664625168,0.98789441585541,0.99669325351715,1.0541405677795,0.92192810773849,0.96869385242462,1.0381129980087,0.95534044504166,0.94497889280319,0.97988671064377,1.0222991704941,1.0285532474518,1.0145508050919,1.0279803276062,1.0284559726715,1.0252624750137,1.060129404068,0.959652364254,1.0518276691437,0.98908048868179,0.94069826602936,0.97346287965775,0.85726350545883,0.88030046224594,1.0224746465683,1.0783900022507,0.92814123630524,1.0169769525528,0.94830799102783,1.0817390680313,0.94921535253525,0.8710977435112,0.93398839235306,0.91968405246735,0.92514550685883,0.93658828735352,0.93141740560532,0.83780324459076,0.82899951934814,0.8749006986618,0.88496941328049,0.8481742143631,0.85806506872177,0.8404461145401,0.92597579956055,0.95077526569366,0.90366649627686,0.89624190330505,0.7953160405159,0.90471696853638,0.92133778333664,0.8244361281395,0.93300437927246,0.93951398134232,0.87244462966919,0.90386921167374,0.98886221647263,1.0760045051575,0.95480710268021,0.9606306552887,0.98500752449036,0.96320724487305,0.97442471981049,0.91720223426819,0.85045605897903,0.85545468330383,0.94481950998306,0.84220319986343,0.78344172239304,0.87693184614182,0.81320333480835,0.79187768697739,0.78964525461197,0.77841818332672,0.99284929037094,0.82527697086334,0.8629242181778,0.90360188484192,0.87057024240494,0.94815754890442,0.80962896347046,0.86167520284653,0.83754456043243,0.88223260641098,0.81213212013245,0.79922145605087,0.83129978179932,0.8559056520462,0.84307092428207,0.96946805715561,0.96128332614899,0.75487810373306,0.77869814634323,0.90077859163284,0.74152719974518,0.67289060354233,0.84127354621887,0.7644989490509,0.82200837135315],"memory_usage":{}}